carrier,registry_file,l1_code,field,canonical_path,source,captions
progressive,config/document_registry/policy/progressive/ocean_marine.yaml,ocean_marine,document_title,document.document_title_as_stated,declared,
progressive,config/document_registry/policy/progressive/ocean_marine.yaml,ocean_marine,insured_name,named_insured.primary_name,declared,
progressive,config/document_registry/policy/progressive/ocean_marine.yaml,ocean_marine,insurer_name,carrier.company_name,declared,
progressive,config/document_registry/policy/progressive/ocean_marine.yaml,ocean_marine,agency_name,producer.agency_name,declared,
progressive,config/document_registry/policy/progressive/ocean_marine.yaml,ocean_marine,agent_address,producer.address,declared,
progressive,config/document_registry/policy/progressive/ocean_marine.yaml,ocean_marine,agency_phone,producer.contact.phone,declared,
progressive,config/document_registry/policy/progressive/ocean_marine.yaml,ocean_marine,agency_website,producer.contact.website,declared,
progressive,config/document_registry/policy/progressive/ocean_marine.yaml,ocean_marine,issue_date,document.issue_date,declared,
progressive,config/document_registry/policy/progressive/ocean_marine.yaml,ocean_marine,effective_time,policy.effective_time,declared,
progressive,config/document_registry/policy/progressive/ocean_marine.yaml,ocean_marine,original_inception_date,policy.original_inception_date,declared,
progressive,config/document_registry/policy/progressive/ocean_marine.yaml,ocean_marine,total_premium,premium.total_policy_premium,declared,Total Premium; Total Policy Premium; Estimated Total Premium
progressive,config/document_registry/policy/progressive/ocean_marine.yaml,ocean_marine,pay_in_full_amount,premium.pay_in_full_amount,declared,
progressive,config/document_registry/policy/progressive/ocean_marine.yaml,ocean_marine,pay_in_full_discount,premium.discounts_and_credits,declared,
progressive,config/document_registry/policy/progressive/ocean_marine.yaml,ocean_marine,navigational_territory,watercraft.navigation_and_use.navigational_territory,declared,
progressive,config/document_registry/policy/progressive/ocean_marine.yaml,ocean_marine,bodily_injury_and_property_damage_limit,watercraft.liability_coverages.bodily_injury_and_property_damage_limit,declared,
progressive,config/document_registry/policy/progressive/ocean_marine.yaml,ocean_marine,fuel_spill_liability_included,watercraft.liability_coverages.fuel_spill_liability_included,declared,
progressive,config/document_registry/policy/progressive/ocean_marine.yaml,ocean_marine,uninsured_boater_limit,watercraft.liability_coverages.uninsured_boater_limit,declared,
progressive,config/document_registry/policy/progressive/ocean_marine.yaml,ocean_marine,medical_payments_each_person_limit,watercraft.liability_coverages.medical_payments_each_person_limit,declared,
progressive,config/document_registry/policy/progressive/ocean_marine.yaml,ocean_marine,comprehensive_deductible,watercraft.physical_damage_coverages.comprehensive_deductible,declared,
progressive,config/document_registry/policy/progressive/ocean_marine.yaml,ocean_marine,collision_deductible,watercraft.physical_damage_coverages.collision_deductible,declared,
progressive,config/document_registry/policy/progressive/ocean_marine.yaml,ocean_marine,total_loss_settlement_basis,watercraft.physical_damage_coverages.total_loss_replacement_indicator,declared,
progressive,config/document_registry/policy/progressive/ocean_marine.yaml,ocean_marine,schedules.operators,watercraft.operators,declared,
progressive,config/document_registry/policy/progressive/ocean_marine.yaml,ocean_marine,schedules.watercraft,watercraft.watercraft,declared,
progressive,config/document_registry/policy/progressive/ocean_marine.yaml,ocean_marine,policy_number,,policy_field_required,Policy Number; Policy No; Policy #
progressive,config/document_registry/policy/progressive/ocean_marine.yaml,ocean_marine,named_insured,,policy_field_required,Named Insured; Insured; Insured Name
progressive,config/document_registry/policy/progressive/ocean_marine.yaml,ocean_marine,policy_effective_date,,policy_field_required,Effective Date; Policy Effective; From
progressive,config/document_registry/policy/progressive/ocean_marine.yaml,ocean_marine,policy_expiration_date,,policy_field_required,Expiration Date; Policy Expiration; To
progressive,config/document_registry/policy/progressive/ocean_marine.yaml,ocean_marine,line_of_business,,policy_field_required,
progressive,config/document_registry/policy/progressive/ocean_marine.yaml,ocean_marine,coverages,,policy_field_required,
progressive,config/document_registry/policy/progressive/ocean_marine.yaml,ocean_marine,policy_type,,policy_field_optional,
progressive,config/document_registry/policy/progressive/ocean_marine.yaml,ocean_marine,form_number,,policy_field_optional,
progressive,config/document_registry/policy/progressive/ocean_marine.yaml,ocean_marine,named_insured_address,,policy_field_optional,
progressive,config/document_registry/policy/progressive/ocean_marine.yaml,ocean_marine,carrier,,policy_field_optional,Insurer; Insurance Company; Underwritten by
progressive,config/document_registry/policy/progressive/ocean_marine.yaml,ocean_marine,state,,policy_field_optional,
progressive,config/document_registry/policy/progressive/ocean_marine.yaml,ocean_marine,policy_term_months,,policy_field_optional,
progressive,config/document_registry/policy/progressive/ocean_marine.yaml,ocean_marine,agent_name,,policy_field_optional,
progressive,config/document_registry/policy/progressive/ocean_marine.yaml,ocean_marine,agent_number,,policy_field_optional,
progressive,config/document_registry/policy/progressive/ocean_marine.yaml,ocean_marine,payment_plan,,policy_field_optional,
progressive,config/document_registry/policy/progressive/ocean_marine.yaml,ocean_marine,endorsements,,policy_field_optional,
progressive,config/document_registry/policy/progressive/ocean_marine.yaml,ocean_marine,has_signature,,policy_field_optional,
progressive,config/document_registry/policy/progressive/ocean_marine.yaml,ocean_marine,countersignature_date,,policy_field_optional,
progressive,config/document_registry/policy/progressive/ocean_marine.yaml,ocean_marine,sections,,policy_field_optional,
progressive,config/document_registry/policy/progressive/ocean_marine.yaml,ocean_marine,transaction_type,,policy_field_optional,
markel,config/document_registry/policy/markel/watercraft.yaml,watercraft,,additional_fields[].value,emitted_by_l1:markel_american_insurance_company_boat.pdf,
markel,config/document_registry/policy/markel/watercraft.yaml,watercraft,,carrier.address.state,emitted_by_l1:markel_american_insurance_company_boat.pdf,
markel,config/document_registry/policy/markel/watercraft.yaml,watercraft,,carrier.company_name,emitted_by_l1:markel_american_insurance_company_boat.pdf,
markel,config/document_registry/policy/markel/watercraft.yaml,watercraft,,document.line_of_business_as_stated,emitted_by_l1:markel_american_insurance_company_boat.pdf,
markel,config/document_registry/policy/markel/watercraft.yaml,watercraft,,document.source_carrier_folder,emitted_by_l1:markel_american_insurance_company_boat.pdf,
markel,config/document_registry/policy/markel/watercraft.yaml,watercraft,,named_insured.all_named_insureds[].name,emitted_by_l1:markel_american_insurance_company_boat.pdf,
markel,config/document_registry/policy/markel/watercraft.yaml,watercraft,,named_insured.mailing_address.full,emitted_by_l1:markel_american_insurance_company_boat.pdf,
markel,config/document_registry/policy/markel/watercraft.yaml,watercraft,,named_insured.primary_name,emitted_by_l1:markel_american_insurance_company_boat.pdf,
markel,config/document_registry/policy/markel/watercraft.yaml,watercraft,,policy.effective_date,emitted_by_l1:markel_american_insurance_company_boat.pdf,
markel,config/document_registry/policy/markel/watercraft.yaml,watercraft,,policy.expiration_date,emitted_by_l1:markel_american_insurance_company_boat.pdf,
markel,config/document_registry/policy/markel/watercraft.yaml,watercraft,,policy.policy_number,emitted_by_l1:markel_american_insurance_company_boat.pdf,
progressive,config/document_registry/policy/progressive/ocean_marine.yaml,ocean_marine,,additional_fields[].value,emitted_by_l1:progressive_boat.pdf,
progressive,config/document_registry/policy/progressive/ocean_marine.yaml,ocean_marine,,additional_fields[].value[].rows[].amount,emitted_by_l1:progressive_boat.pdf,
progressive,config/document_registry/policy/progressive/ocean_marine.yaml,ocean_marine,,additional_fields[].value[].rows[].coverage,emitted_by_l1:progressive_boat.pdf,
progressive,config/document_registry/policy/progressive/ocean_marine.yaml,ocean_marine,,additional_fields[].value[].rows[].deductible,emitted_by_l1:progressive_boat.pdf,
progressive,config/document_registry/policy/progressive/ocean_marine.yaml,ocean_marine,,additional_fields[].value[].rows[].due_date,emitted_by_l1:progressive_boat.pdf,
progressive,config/document_registry/policy/progressive/ocean_marine.yaml,ocean_marine,,additional_fields[].value[].rows[].limit,emitted_by_l1:progressive_boat.pdf,
progressive,config/document_registry/policy/progressive/ocean_marine.yaml,ocean_marine,,additional_fields[].value[].rows[].premium,emitted_by_l1:progressive_boat.pdf,
progressive,config/document_registry/policy/progressive/ocean_marine.yaml,ocean_marine,,carrier.address.state,emitted_by_l1:progressive_boat.pdf,
progressive,config/document_registry/policy/progressive/ocean_marine.yaml,ocean_marine,,carrier.company_name,emitted_by_l1:progressive_boat.pdf,
progressive,config/document_registry/policy/progressive/ocean_marine.yaml,ocean_marine,,coverages[].coverage_name,emitted_by_l1:progressive_boat.pdf,
progressive,config/document_registry/policy/progressive/ocean_marine.yaml,ocean_marine,,coverages[].deductible,emitted_by_l1:progressive_boat.pdf,
progressive,config/document_registry/policy/progressive/ocean_marine.yaml,ocean_marine,,coverages[].limit,emitted_by_l1:progressive_boat.pdf,
progressive,config/document_registry/policy/progressive/ocean_marine.yaml,ocean_marine,,coverages[].premium,emitted_by_l1:progressive_boat.pdf,
progressive,config/document_registry/policy/progressive/ocean_marine.yaml,ocean_marine,,document.document_title_as_stated,emitted_by_l1:progressive_boat.pdf,
progressive,config/document_registry/policy/progressive/ocean_marine.yaml,ocean_marine,,document.issue_date,emitted_by_l1:progressive_boat.pdf,
progressive,config/document_registry/policy/progressive/ocean_marine.yaml,ocean_marine,,document.line_of_business_as_stated,emitted_by_l1:progressive_boat.pdf,
progressive,config/document_registry/policy/progressive/ocean_marine.yaml,ocean_marine,,document.source_carrier_folder,emitted_by_l1:progressive_boat.pdf,
progressive,config/document_registry/policy/progressive/ocean_marine.yaml,ocean_marine,,document.transaction_type,emitted_by_l1:progressive_boat.pdf,
progressive,config/document_registry/policy/progressive/ocean_marine.yaml,ocean_marine,,named_insured.additional_named_insureds[].name,emitted_by_l1:progressive_boat.pdf,
progressive,config/document_registry/policy/progressive/ocean_marine.yaml,ocean_marine,,named_insured.all_named_insureds[].name,emitted_by_l1:progressive_boat.pdf,
progressive,config/document_registry/policy/progressive/ocean_marine.yaml,ocean_marine,,named_insured.mailing_address.city,emitted_by_l1:progressive_boat.pdf,
progressive,config/document_registry/policy/progressive/ocean_marine.yaml,ocean_marine,,named_insured.mailing_address.full,emitted_by_l1:progressive_boat.pdf,
progressive,config/document_registry/policy/progressive/ocean_marine.yaml,ocean_marine,,named_insured.mailing_address.line_1,emitted_by_l1:progressive_boat.pdf,
progressive,config/document_registry/policy/progressive/ocean_marine.yaml,ocean_marine,,named_insured.mailing_address.postal_code,emitted_by_l1:progressive_boat.pdf,
progressive,config/document_registry/policy/progressive/ocean_marine.yaml,ocean_marine,,named_insured.mailing_address.state,emitted_by_l1:progressive_boat.pdf,
progressive,config/document_registry/policy/progressive/ocean_marine.yaml,ocean_marine,,named_insured.primary_name,emitted_by_l1:progressive_boat.pdf,
progressive,config/document_registry/policy/progressive/ocean_marine.yaml,ocean_marine,,policy.effective_date,emitted_by_l1:progressive_boat.pdf,
progressive,config/document_registry/policy/progressive/ocean_marine.yaml,ocean_marine,,policy.effective_time,emitted_by_l1:progressive_boat.pdf,
progressive,config/document_registry/policy/progressive/ocean_marine.yaml,ocean_marine,,policy.expiration_date,emitted_by_l1:progressive_boat.pdf,
progressive,config/document_registry/policy/progressive/ocean_marine.yaml,ocean_marine,,policy.original_inception_date,emitted_by_l1:progressive_boat.pdf,
progressive,config/document_registry/policy/progressive/ocean_marine.yaml,ocean_marine,,policy.policy_number,emitted_by_l1:progressive_boat.pdf,
progressive,config/document_registry/policy/progressive/ocean_marine.yaml,ocean_marine,,policy.policy_term_months,emitted_by_l1:progressive_boat.pdf,
progressive,config/document_registry/policy/progressive/ocean_marine.yaml,ocean_marine,,premium.discounts_and_credits,emitted_by_l1:progressive_boat.pdf,
progressive,config/document_registry/policy/progressive/ocean_marine.yaml,ocean_marine,,premium.pay_in_full_amount,emitted_by_l1:progressive_boat.pdf,
progressive,config/document_registry/policy/progressive/ocean_marine.yaml,ocean_marine,,premium.total_policy_premium,emitted_by_l1:progressive_boat.pdf,
progressive,config/document_registry/policy/progressive/ocean_marine.yaml,ocean_marine,,producer.address.full,emitted_by_l1:progressive_boat.pdf,
progressive,config/document_registry/policy/progressive/ocean_marine.yaml,ocean_marine,,producer.agency_name,emitted_by_l1:progressive_boat.pdf,
progressive,config/document_registry/policy/progressive/ocean_marine.yaml,ocean_marine,,producer.contact.phone,emitted_by_l1:progressive_boat.pdf,
progressive,config/document_registry/policy/progressive/ocean_marine.yaml,ocean_marine,,producer.contact.website,emitted_by_l1:progressive_boat.pdf,
progressive,config/document_registry/policy/progressive/ocean_marine.yaml,ocean_marine,,watercraft.liability_coverages.bodily_injury_and_property_damage_limit,emitted_by_l1:progressive_boat.pdf,
progressive,config/document_registry/policy/progressive/ocean_marine.yaml,ocean_marine,,watercraft.liability_coverages.fuel_spill_liability_included,emitted_by_l1:progressive_boat.pdf,
progressive,config/document_registry/policy/progressive/ocean_marine.yaml,ocean_marine,,watercraft.liability_coverages.medical_payments_each_person_limit,emitted_by_l1:progressive_boat.pdf,
progressive,config/document_registry/policy/progressive/ocean_marine.yaml,ocean_marine,,watercraft.liability_coverages.uninsured_boater_limit,emitted_by_l1:progressive_boat.pdf,
progressive,config/document_registry/policy/progressive/ocean_marine.yaml,ocean_marine,,watercraft.navigation_and_use.navigational_territory,emitted_by_l1:progressive_boat.pdf,
progressive,config/document_registry/policy/progressive/ocean_marine.yaml,ocean_marine,,watercraft.operators[].age,emitted_by_l1:progressive_boat.pdf,
progressive,config/document_registry/policy/progressive/ocean_marine.yaml,ocean_marine,,watercraft.operators[].gender,emitted_by_l1:progressive_boat.pdf,
progressive,config/document_registry/policy/progressive/ocean_marine.yaml,ocean_marine,,watercraft.operators[].marital_status,emitted_by_l1:progressive_boat.pdf,
progressive,config/document_registry/policy/progressive/ocean_marine.yaml,ocean_marine,,watercraft.operators[].name,emitted_by_l1:progressive_boat.pdf,
progressive,config/document_registry/policy/progressive/ocean_marine.yaml,ocean_marine,,watercraft.operators[].relationship_to_insured,emitted_by_l1:progressive_boat.pdf,
progressive,config/document_registry/policy/progressive/ocean_marine.yaml,ocean_marine,,watercraft.physical_damage_coverages.collision_deductible,emitted_by_l1:progressive_boat.pdf,
progressive,config/document_registry/policy/progressive/ocean_marine.yaml,ocean_marine,,watercraft.physical_damage_coverages.comprehensive_deductible,emitted_by_l1:progressive_boat.pdf,
progressive,config/document_registry/policy/progressive/ocean_marine.yaml,ocean_marine,,watercraft.physical_damage_coverages.total_loss_replacement_indicator,emitted_by_l1:progressive_boat.pdf,
progressive,config/document_registry/policy/progressive/ocean_marine.yaml,ocean_marine,,watercraft.watercraft[].hull_identification_number,emitted_by_l1:progressive_boat.pdf,
progressive,config/document_registry/policy/progressive/ocean_marine.yaml,ocean_marine,,watercraft.watercraft[].make,emitted_by_l1:progressive_boat.pdf,
progressive,config/document_registry/policy/progressive/ocean_marine.yaml,ocean_marine,,watercraft.watercraft[].model,emitted_by_l1:progressive_boat.pdf,
progressive,config/document_registry/policy/progressive/ocean_marine.yaml,ocean_marine,,watercraft.watercraft[].motor_horsepower,emitted_by_l1:progressive_boat.pdf,
progressive,config/document_registry/policy/progressive/ocean_marine.yaml,ocean_marine,,watercraft.watercraft[].motor_make,emitted_by_l1:progressive_boat.pdf,
progressive,config/document_registry/policy/progressive/ocean_marine.yaml,ocean_marine,,watercraft.watercraft[].motor_type,emitted_by_l1:progressive_boat.pdf,
progressive,config/document_registry/policy/progressive/ocean_marine.yaml,ocean_marine,,watercraft.watercraft[].motor_year,emitted_by_l1:progressive_boat.pdf,
progressive,config/document_registry/policy/progressive/ocean_marine.yaml,ocean_marine,,watercraft.watercraft[].number_of_motors,emitted_by_l1:progressive_boat.pdf,
progressive,config/document_registry/policy/progressive/ocean_marine.yaml,ocean_marine,,watercraft.watercraft[].propulsion_type,emitted_by_l1:progressive_boat.pdf,
progressive,config/document_registry/policy/progressive/ocean_marine.yaml,ocean_marine,,watercraft.watercraft[].series,emitted_by_l1:progressive_boat.pdf,
progressive,config/document_registry/policy/progressive/ocean_marine.yaml,ocean_marine,,watercraft.watercraft[].total_horsepower,emitted_by_l1:progressive_boat.pdf,
progressive,config/document_registry/policy/progressive/ocean_marine.yaml,ocean_marine,,watercraft.watercraft[].trailer_make,emitted_by_l1:progressive_boat.pdf,
progressive,config/document_registry/policy/progressive/ocean_marine.yaml,ocean_marine,,watercraft.watercraft[].trailer_year,emitted_by_l1:progressive_boat.pdf,
progressive,config/document_registry/policy/progressive/ocean_marine.yaml,ocean_marine,,watercraft.watercraft[].year,emitted_by_l1:progressive_boat.pdf,
progressive,config/document_registry/policy/progressive/ocean_marine.yaml,ocean_marine,,additional_fields[].value,emitted_by_l1:progressive_boat_2.pdf,
progressive,config/document_registry/policy/progressive/ocean_marine.yaml,ocean_marine,,additional_fields[].value[].rows[].coverage,emitted_by_l1:progressive_boat_2.pdf,
progressive,config/document_registry/policy/progressive/ocean_marine.yaml,ocean_marine,,additional_fields[].value[].rows[].deductible,emitted_by_l1:progressive_boat_2.pdf,
progressive,config/document_registry/policy/progressive/ocean_marine.yaml,ocean_marine,,additional_fields[].value[].rows[].limit,emitted_by_l1:progressive_boat_2.pdf,
progressive,config/document_registry/policy/progressive/ocean_marine.yaml,ocean_marine,,additional_fields[].value[].rows[].premium,emitted_by_l1:progressive_boat_2.pdf,
progressive,config/document_registry/policy/progressive/ocean_marine.yaml,ocean_marine,,carrier.address.state,emitted_by_l1:progressive_boat_2.pdf,
progressive,config/document_registry/policy/progressive/ocean_marine.yaml,ocean_marine,,carrier.company_name,emitted_by_l1:progressive_boat_2.pdf,
progressive,config/document_registry/policy/progressive/ocean_marine.yaml,ocean_marine,,coverages[].coverage_name,emitted_by_l1:progressive_boat_2.pdf,
progressive,config/document_registry/policy/progressive/ocean_marine.yaml,ocean_marine,,coverages[].deductible,emitted_by_l1:progressive_boat_2.pdf,
progressive,config/document_registry/policy/progressive/ocean_marine.yaml,ocean_marine,,coverages[].limit,emitted_by_l1:progressive_boat_2.pdf,
progressive,config/document_registry/policy/progressive/ocean_marine.yaml,ocean_marine,,coverages[].premium,emitted_by_l1:progressive_boat_2.pdf,
progressive,config/document_registry/policy/progressive/ocean_marine.yaml,ocean_marine,,document.document_title_as_stated,emitted_by_l1:progressive_boat_2.pdf,
progressive,config/document_registry/policy/progressive/ocean_marine.yaml,ocean_marine,,document.issue_date,emitted_by_l1:progressive_boat_2.pdf,
progressive,config/document_registry/policy/progressive/ocean_marine.yaml,ocean_marine,,document.line_of_business_as_stated,emitted_by_l1:progressive_boat_2.pdf,
progressive,config/document_registry/policy/progressive/ocean_marine.yaml,ocean_marine,,document.source_carrier_folder,emitted_by_l1:progressive_boat_2.pdf,
progressive,config/document_registry/policy/progressive/ocean_marine.yaml,ocean_marine,,named_insured.additional_named_insureds[].name,emitted_by_l1:progressive_boat_2.pdf,
progressive,config/document_registry/policy/progressive/ocean_marine.yaml,ocean_marine,,named_insured.all_named_insureds[].name,emitted_by_l1:progressive_boat_2.pdf,
progressive,config/document_registry/policy/progressive/ocean_marine.yaml,ocean_marine,,named_insured.mailing_address.city,emitted_by_l1:progressive_boat_2.pdf,
progressive,config/document_registry/policy/progressive/ocean_marine.yaml,ocean_marine,,named_insured.mailing_address.full,emitted_by_l1:progressive_boat_2.pdf,
progressive,config/document_registry/policy/progressive/ocean_marine.yaml,ocean_marine,,named_insured.mailing_address.line_1,emitted_by_l1:progressive_boat_2.pdf,
progressive,config/document_registry/policy/progressive/ocean_marine.yaml,ocean_marine,,named_insured.mailing_address.postal_code,emitted_by_l1:progressive_boat_2.pdf,
progressive,config/document_registry/policy/progressive/ocean_marine.yaml,ocean_marine,,named_insured.mailing_address.state,emitted_by_l1:progressive_boat_2.pdf,
progressive,config/document_registry/policy/progressive/ocean_marine.yaml,ocean_marine,,named_insured.primary_name,emitted_by_l1:progressive_boat_2.pdf,
progressive,config/document_registry/policy/progressive/ocean_marine.yaml,ocean_marine,,policy.effective_date,emitted_by_l1:progressive_boat_2.pdf,
progressive,config/document_registry/policy/progressive/ocean_marine.yaml,ocean_marine,,policy.effective_time,emitted_by_l1:progressive_boat_2.pdf,
progressive,config/document_registry/policy/progressive/ocean_marine.yaml,ocean_marine,,policy.expiration_date,emitted_by_l1:progressive_boat_2.pdf,
progressive,config/document_registry/policy/progressive/ocean_marine.yaml,ocean_marine,,policy.policy_number,emitted_by_l1:progressive_boat_2.pdf,
progressive,config/document_registry/policy/progressive/ocean_marine.yaml,ocean_marine,,policy.policy_term_months,emitted_by_l1:progressive_boat_2.pdf,
progressive,config/document_registry/policy/progressive/ocean_marine.yaml,ocean_marine,,premium.discounts_and_credits,emitted_by_l1:progressive_boat_2.pdf,
progressive,config/document_registry/policy/progressive/ocean_marine.yaml,ocean_marine,,premium.pay_in_full_amount,emitted_by_l1:progressive_boat_2.pdf,
progressive,config/document_registry/policy/progressive/ocean_marine.yaml,ocean_marine,,premium.total_policy_premium,emitted_by_l1:progressive_boat_2.pdf,
progressive,config/document_registry/policy/progressive/ocean_marine.yaml,ocean_marine,,producer.address.full,emitted_by_l1:progressive_boat_2.pdf,
progressive,config/document_registry/policy/progressive/ocean_marine.yaml,ocean_marine,,producer.agency_name,emitted_by_l1:progressive_boat_2.pdf,
progressive,config/document_registry/policy/progressive/ocean_marine.yaml,ocean_marine,,producer.contact.phone,emitted_by_l1:progressive_boat_2.pdf,
progressive,config/document_registry/policy/progressive/ocean_marine.yaml,ocean_marine,,producer.contact.website,emitted_by_l1:progressive_boat_2.pdf,
progressive,config/document_registry/policy/progressive/ocean_marine.yaml,ocean_marine,,watercraft.liability_coverages.bodily_injury_and_property_damage_limit,emitted_by_l1:progressive_boat_2.pdf,
progressive,config/document_registry/policy/progressive/ocean_marine.yaml,ocean_marine,,watercraft.liability_coverages.fuel_spill_liability_included,emitted_by_l1:progressive_boat_2.pdf,
progressive,config/document_registry/policy/progressive/ocean_marine.yaml,ocean_marine,,watercraft.liability_coverages.medical_payments_each_person_limit,emitted_by_l1:progressive_boat_2.pdf,
progressive,config/document_registry/policy/progressive/ocean_marine.yaml,ocean_marine,,watercraft.liability_coverages.uninsured_boater_limit,emitted_by_l1:progressive_boat_2.pdf,
progressive,config/document_registry/policy/progressive/ocean_marine.yaml,ocean_marine,,watercraft.navigation_and_use.navigational_territory,emitted_by_l1:progressive_boat_2.pdf,
progressive,config/document_registry/policy/progressive/ocean_marine.yaml,ocean_marine,,watercraft.operators[].age,emitted_by_l1:progressive_boat_2.pdf,
progressive,config/document_registry/policy/progressive/ocean_marine.yaml,ocean_marine,,watercraft.operators[].gender,emitted_by_l1:progressive_boat_2.pdf,
progressive,config/document_registry/policy/progressive/ocean_marine.yaml,ocean_marine,,watercraft.operators[].marital_status,emitted_by_l1:progressive_boat_2.pdf,
progressive,config/document_registry/policy/progressive/ocean_marine.yaml,ocean_marine,,watercraft.operators[].name,emitted_by_l1:progressive_boat_2.pdf,
progressive,config/document_registry/policy/progressive/ocean_marine.yaml,ocean_marine,,watercraft.operators[].relationship_to_insured,emitted_by_l1:progressive_boat_2.pdf,
progressive,config/document_registry/policy/progressive/ocean_marine.yaml,ocean_marine,,watercraft.physical_damage_coverages.collision_deductible,emitted_by_l1:progressive_boat_2.pdf,
progressive,config/document_registry/policy/progressive/ocean_marine.yaml,ocean_marine,,watercraft.physical_damage_coverages.comprehensive_deductible,emitted_by_l1:progressive_boat_2.pdf,
progressive,config/document_registry/policy/progressive/ocean_marine.yaml,ocean_marine,,watercraft.watercraft[].address,emitted_by_l1:progressive_boat_2.pdf,
progressive,config/document_registry/policy/progressive/ocean_marine.yaml,ocean_marine,,watercraft.watercraft[].motor_horsepower,emitted_by_l1:progressive_boat_2.pdf,
progressive,config/document_registry/policy/progressive/ocean_marine.yaml,ocean_marine,,watercraft.watercraft[].motor_make,emitted_by_l1:progressive_boat_2.pdf,
progressive,config/document_registry/policy/progressive/ocean_marine.yaml,ocean_marine,,watercraft.watercraft[].motor_type,emitted_by_l1:progressive_boat_2.pdf,
progressive,config/document_registry/policy/progressive/ocean_marine.yaml,ocean_marine,,watercraft.watercraft[].motor_year,emitted_by_l1:progressive_boat_2.pdf,
progressive,config/document_registry/policy/progressive/ocean_marine.yaml,ocean_marine,,watercraft.watercraft[].number_of_motors,emitted_by_l1:progressive_boat_2.pdf,
progressive,config/document_registry/policy/progressive/ocean_marine.yaml,ocean_marine,,watercraft.watercraft[].propulsion_type,emitted_by_l1:progressive_boat_2.pdf,
progressive,config/document_registry/policy/progressive/ocean_marine.yaml,ocean_marine,,watercraft.watercraft[].total_horsepower,emitted_by_l1:progressive_boat_2.pdf,
travelers,config/document_registry/policy/travelers/watercraft.yaml,watercraft,,additional_fields[].value,emitted_by_l1:travelers_boat_policy_1.pdf,
travelers,config/document_registry/policy/travelers/watercraft.yaml,watercraft,,carrier.address.state,emitted_by_l1:travelers_boat_policy_1.pdf,
travelers,config/document_registry/policy/travelers/watercraft.yaml,watercraft,,carrier.company_name,emitted_by_l1:travelers_boat_policy_1.pdf,
travelers,config/document_registry/policy/travelers/watercraft.yaml,watercraft,,document.line_of_business_as_stated,emitted_by_l1:travelers_boat_policy_1.pdf,
travelers,config/document_registry/policy/travelers/watercraft.yaml,watercraft,,document.source_carrier_folder,emitted_by_l1:travelers_boat_policy_1.pdf,
travelers,config/document_registry/policy/travelers/watercraft.yaml,watercraft,,document_type_detail.renewal_offer.reason_for_change,emitted_by_l1:travelers_boat_policy_1.pdf,
travelers,config/document_registry/policy/travelers/watercraft.yaml,watercraft,,named_insured.all_named_insureds[].name,emitted_by_l1:travelers_boat_policy_1.pdf,
travelers,config/document_registry/policy/travelers/watercraft.yaml,watercraft,,named_insured.mailing_address.full,emitted_by_l1:travelers_boat_policy_1.pdf,
travelers,config/document_registry/policy/travelers/watercraft.yaml,watercraft,,named_insured.primary_name,emitted_by_l1:travelers_boat_policy_1.pdf,
travelers,config/document_registry/policy/travelers/watercraft.yaml,watercraft,,policy.effective_date,emitted_by_l1:travelers_boat_policy_1.pdf,
travelers,config/document_registry/policy/travelers/watercraft.yaml,watercraft,,policy.expiration_date,emitted_by_l1:travelers_boat_policy_1.pdf,
travelers,config/document_registry/policy/travelers/watercraft.yaml,watercraft,,policy.policy_number,emitted_by_l1:travelers_boat_policy_1.pdf,
travelers,config/document_registry/policy/travelers/watercraft.yaml,watercraft,,premium.premium_change,emitted_by_l1:travelers_boat_policy_1.pdf,
